{
  "project_info": {
    "project_number": "129271208609",
    "firebase_url": "https://planter-fa7df.firebaseio.com",
    "project_id": "planter-fa7df",
    "storage_bucket": "planter-fa7df.appspot.com"
  },
  "client": [
    {
      "client_info": {
        "mobilesdk_app_id": "1:129271208609:android:4e68803839411866",
        "android_client_info": {
          "package_name": "com.example.hp.planter"
        }
      },
      "oauth_client": [
        {
          "client_id": "129271208609-u8l294ftb4o3qa23scignek03dtv0b3j.apps.googleusercontent.com",
          "client_type": 3
        }
      ],
      "api_key": [
        {
          "current_key": "AIzaSyA2AGgggDmaYWzBxMguDZ-Fs9958vHuLa8"
        }
      ],
      "services": {
        "analytics_service": {
          "status": 1
        },
        "appinvite_service": {
          "status": 1,
          "other_platform_oauth_client": []
        },
        "ads_service": {
          "status": 2
        }
      }
    }
  ],
  "configuration_version": "1"
}